{
    "accuracy": 0.9187538179596824,
    "precision": 0.7282051282051282,
    "recall": 0.6396396396396397
}
